CREATE DATABASE LibraryDB2;
USE LibraryDB2;

CREATE TABLE Books (
    BookID INT PRIMARY KEY,
    Title VARCHAR(255) NOT NULL,
    Category VARCHAR(100),
    ISBN VARCHAR(20) UNIQUE,
    Publisher VARCHAR(100),
    Year INT,
    Availability BOOLEAN DEFAULT TRUE
);

CREATE TABLE Authors (
    AuthorID INT PRIMARY KEY,
    Name VARCHAR(100) NOT NULL,
    Bio TEXT
);

CREATE TABLE Book_Authors (
    BookID INT,
    AuthorID INT,
    PRIMARY KEY (BookID, AuthorID),
    FOREIGN KEY (BookID) REFERENCES Books(BookID),
    FOREIGN KEY (AuthorID) REFERENCES Authors(AuthorID)
);

CREATE TABLE Members (
    MemberID INT PRIMARY KEY,
    Name VARCHAR(100) NOT NULL,
    Email VARCHAR(100) UNIQUE,
    Phone VARCHAR(15),
    MembershipDate DATE,
    Role ENUM('Student', 'Faculty') NOT NULL
);

CREATE TABLE Librarians (
    LibrarianID INT PRIMARY KEY,
    Name VARCHAR(100) NOT NULL,
    Email VARCHAR(100),
    Shift VARCHAR(50)
);

CREATE TABLE Issued_Books (
    IssueID INT PRIMARY KEY,
    BookID INT,
    MemberID INT,
    IssueDate DATE,
    DueDate DATE,
    ReturnDate DATE,
    FOREIGN KEY (BookID) REFERENCES Books(BookID),
    FOREIGN KEY (MemberID) REFERENCES Members(MemberID)
);

CREATE TABLE Fines (
    FineID INT PRIMARY KEY,
    IssueID INT,
    Amount DECIMAL(6,2),
    Status ENUM('Paid', 'Unpaid'),
    FOREIGN KEY (IssueID) REFERENCES Issued_Books(IssueID)
);

CREATE TABLE Reservations (
    ReservationID INT PRIMARY KEY,
    BookID INT,
    MemberID INT,
    ReservationDate DATE,
    Status ENUM('Pending', 'Completed', 'Cancelled'),
    FOREIGN KEY (BookID) REFERENCES Books(BookID),
    FOREIGN KEY (MemberID) REFERENCES Members(MemberID)
);

CREATE TABLE Reviews (
    ReviewID INT PRIMARY KEY,
    BookID INT,
    MemberID INT,
    Rating INT CHECK (Rating BETWEEN 1 AND 5),
    Comment TEXT,
    Date DATE,
    FOREIGN KEY (BookID) REFERENCES Books(BookID),
    FOREIGN KEY (MemberID) REFERENCES Members(MemberID)
);

CREATE TABLE Notifications (
    NotificationID INT PRIMARY KEY,
    MemberID INT,
    Type VARCHAR(50),
    Message TEXT,
    Date DATE,
    FOREIGN KEY (MemberID) REFERENCES Members(MemberID)
);

INSERT INTO Books (BookID, Title, Category, ISBN, Publisher, Year, Availability) VALUES
(1, 'Algorithms Unlocked', 'Computing', '9780262033848', 'MIT Press', 2009, TRUE),
(2, 'Database Fundamentals', 'Computing', '9780073523323', 'McGraw-Hill', 2010, TRUE),
(3, 'Clean Coding Practices', 'Software Engineering', '9780132350884', 'Prentice Hall', 2008, TRUE),
(4, 'Practical Programming', 'Programming', '9780201616224', 'Addison-Wesley', 1999, TRUE),
(5, 'Design Patterns in India', 'Software Engineering', '9780201633610', 'Addison-Wesley', 1994, TRUE),
(6, 'Machine Learning Basics', 'Data Science', '9789350239876', 'Tata McGraw-Hill', 2015, TRUE),
(7, 'Cloud Computing Guide', 'Computing', '9788120345324', 'PHI Learning', 2018, FALSE),
(8, 'Cybersecurity Essentials', 'Security', '9789332578593', 'Pearson India', 2019, TRUE),
(9, 'AI for Beginners', 'Artificial Intelligence', '9789353160296', 'O''Reilly India', 2020, TRUE),
(10, 'Web Development Mastery', 'Programming', '9788120350984', 'BPB Publications', 2017, TRUE),
(11, 'Data Structures Simplified', 'Computing', '9789351342977', 'Wiley India', 2016, TRUE),
(12, 'Software Testing Techniques', 'Software Engineering', '9788126518067', 'Dreamtech Press', 2014, FALSE),
(13, 'Big Data Analytics', 'Data Science', '9789351198062', 'Shroff Publishers', 2019, TRUE),
(14, 'IoT Fundamentals', 'Computing', '9789389845044', 'S Chand Publishing', 2021, TRUE),
(15, 'Python Programming', 'Programming', '9789352132768', 'Cengage India', 2018, TRUE),
(16, 'Blockchain Basics', 'Security', '9788126577668', 'Packt Publishing', 2020, FALSE),
(17, 'Deep Learning Insights', 'Artificial Intelligence', '9789352718429', 'Apress India', 2022, TRUE),
(18, 'Mobile App Development', 'Programming', '9789332585348', 'Vikas Publishing', 2019, TRUE),
(19, 'Network Security', 'Security', '9789353067021', 'Narosa Publishing', 2017, TRUE),
(20, 'Embedded Systems Design', 'Computing', '9788120347304', 'Oxford University Press', 2016, FALSE),
(21, 'Quantum Computing Intro', 'Computing', '9789353501280', 'Sage Publications', 2023, TRUE),
(22, 'DevOps Practices', 'Software Engineering', '9788120357389', 'TMH Publishing', 2020, TRUE),
(23, 'Game Development Guide', 'Programming', '9789352869077', 'BPB Publications', 2019, TRUE),
(24, 'Augmented Reality Basics', 'Computing', '9788126578900', 'Wiley India', 2021, FALSE),
(25, 'Ethical Hacking', 'Security', '9789351199083', 'Shroff Publishers', 2018, TRUE),
(26, 'Algorithms Unlocked', 'Computing', '9789350239883', 'MIT Press India', 2010, TRUE),
(27, 'Database Fundamentals', 'Computing', '9780073523330', 'McGraw-Hill India', 2011, FALSE),
(28, 'Clean Coding Practices', 'Software Engineering', '9780132350891', 'Prentice Hall India', 2009, TRUE),
(29, 'Practical Programming', 'Programming', '9780201616231', 'Addison-Wesley India', 2000, TRUE),
(30, 'Design Patterns in India', 'Software Engineering', '9780201633627', 'Addison-Wesley India', 1995, TRUE),
(31, 'Machine Learning Basics', 'Data Science', '9789350239887', 'Tata McGraw-Hill', 2016, FALSE),
(32, 'Cloud Computing Guide', 'Computing', '9788120345331', 'PHI Learning', 2019, TRUE),
(33, 'Cybersecurity Essentials', 'Security', '9789332578609', 'Pearson India', 2020, TRUE),
(34, 'AI for Beginners', 'Artificial Intelligence', '9789353160302', 'O''Reilly India', 2021, FALSE),
(35, 'Web Development Mastery', 'Programming', '9788120350991', 'BPB Publications', 2018, TRUE),
(36, 'Data Structures Simplified', 'Computing', '9789351342984', 'Wiley India', 2017, TRUE),
(37, 'Software Testing Techniques', 'Software Engineering', '9788126518074', 'Dreamtech Press', 2015, TRUE),
(38, 'Big Data Analytics', 'Data Science', '9789351198079', 'Shroff Publishers', 2020, FALSE),
(39, 'IoT Fundamentals', 'Computing', '9789389845051', 'S Chand Publishing', 2022, TRUE),
(40, 'Python Programming', 'Programming', '9789352132775', 'Cengage India', 2019, TRUE),
(41, 'Blockchain Basics', 'Security', '9788126577675', 'Packt Publishing', 2021, TRUE),
(42, 'Deep Learning Insights', 'Artificial Intelligence', '9789352718436', 'Apress India', 2023, FALSE),
(43, 'Mobile App Development', 'Programming', '9789332585355', 'Vikas Publishing', 2020, TRUE),
(44, 'Network Security', 'Security', '9789353067038', 'Narosa Publishing', 2018, TRUE),
(45, 'Embedded Systems Design', 'Computing', '9788120347311', 'Oxford University Press', 2017, TRUE),
(46, 'Quantum Computing Intro', 'Computing', '9789353501297', 'Sage Publications', 2024, FALSE),
(47, 'DevOps Practices', 'Software Engineering', '9788120357396', 'TMH Publishing', 2021, TRUE),
(48, 'Game Development Guide', 'Programming', '9789352869084', 'BPB Publications', 2020, TRUE),
(49, 'Augmented Reality Basics', 'Computing', '9788126578917', 'Wiley India', 2022, TRUE),
(50, 'Ethical Hacking', 'Security', '9789351199090', 'Shroff Publishers', 2019, FALSE);

-- Inserting sample records into Authors
INSERT INTO Authors (AuthorID, Name, Bio) VALUES
(1, 'Aarav Sharma', 'Expert in algorithms and data structures.'),
(2, 'Vikram Singh', 'Renowned database systems researcher.'),
(3, 'Priya Patel', 'Software engineer specializing in clean code.'),
(4, 'Rohan Gupta', 'Programming expert and pragmatic coder.'),
(5, 'Ananya Reddy', 'Design patterns and software architecture specialist.'),
(6, 'Arjun Kumar', 'Machine learning and AI researcher.'),
(7, 'Neha Yadav', 'Cloud computing and distributed systems expert.'),
(8, 'Aditya Verma', 'Cybersecurity and ethical hacking specialist.'),
(9, 'Sanya Jain', 'Artificial intelligence and neural networks researcher.'),
(10, 'Ishaan Malhotra', 'Web development and full-stack engineering expert.'),
(11, 'Kavya Nair', 'Data structures and algorithm optimization specialist.'),
(12, 'Rahul Mehra', 'Software testing and quality assurance expert.'),
(13, 'Diya Chopra', 'Big data analytics and Hadoop specialist.'),
(14, 'Siddharth Rao', 'Internet of Things and embedded systems researcher.'),
(15, 'Tanya Desai', 'Python programming and automation expert.'),
(16, 'Krishna Iyer', 'Blockchain technology and cryptography specialist.'),
(17, 'Shreya Thakur', 'Deep learning and computer vision researcher.'),
(18, 'Vivaan Joshi', 'Mobile app development and UI/UX expert.'),
(19, 'Pooja Bhatt', 'Network security and intrusion detection specialist.'),
(20, 'Ayaan Saxena', 'Embedded systems and hardware-software integration expert.'),
(21, 'Meera Kapoor', 'Quantum computing and theoretical computer science researcher.'),
(22, 'Ravi Pillai', 'DevOps and CI/CD pipeline specialist.'),
(23, 'Saanvi Menon', 'Game development and graphics programming expert.'),
(24, 'Nikhil Varghese', 'Augmented reality and virtual reality developer.'),
(25, 'Anika Das', 'Ethical hacking and penetration testing specialist.'),
(26, 'Aarav Sharma', 'Specialist in parallel algorithms and high-performance computing.'),
(27, 'Vikram Singh', 'Expert in NoSQL databases and scalability.'),
(28, 'Priya Patel', 'Advocate for agile methodologies and software craftsmanship.'),
(29, 'Rohan Gupta', 'Functional programming and system design expert.'),
(30, 'Ananya Reddy', 'Microservices architecture and cloud-native development specialist.'),
(31, 'Arjun Kumar', 'Natural language processing and AI model optimization expert.'),
(32, 'Neha Yadav', 'Serverless computing and AWS specialist.'),
(33, 'Aditya Verma', 'Penetration testing and cybersecurity auditing expert.'),
(34, 'Sanya Jain', 'Reinforcement learning and AI ethics researcher.'),
(35, 'Ishaan Malhotra', 'MERN stack and modern web frameworks specialist.'),
(36, 'Kavya Nair', 'Graph algorithms and network analysis expert.'),
(37, 'Rahul Mehra', 'Automated testing and test-driven development specialist.'),
(38, 'Diya Chopra', 'Data warehousing and business intelligence expert.'),
(39, 'Siddharth Rao', 'Smart cities and IoT security researcher.'),
(40, 'Tanya Desai', 'Data science and machine learning pipelines expert.'),
(41, 'Krishna Iyer', 'Decentralized systems and smart contracts developer.'),
(42, 'Shreya Thakur', 'Generative AI and image processing specialist.'),
(43, 'Vivaan Joshi', 'Cross-platform mobile development expert.'),
(44, 'Pooja Bhatt', 'Cyber forensics and incident response specialist.'),
(45, 'Ayaan Saxena', 'Real-time systems and firmware development expert.'),
(46, 'Meera Kapoor', 'Quantum algorithms and cryptography researcher.'),
(47, 'Ravi Pillai', 'Site reliability engineering and infrastructure automation expert.'),
(48, 'Saanvi Menon', '3D game engines and physics simulation specialist.'),
(49, 'Nikhil Varghese', 'Mixed reality and spatial computing developer.'),
(50, 'Anika Das', 'Vulnerability assessment and cybersecurity training expert.');

INSERT INTO Book_Authors (BookID, AuthorID) VALUES
(1, 1),
(2, 2),
(3, 3),
(4, 4),
(5, 5),
(6, 6),
(7, 7),
(8, 8),
(9, 9),
(10, 10),
(11, 11),
(12, 12),
(13, 13),
(14, 14),
(15, 15),
(16, 16),
(17, 17),
(18, 18),
(19, 19),
(20, 20),
(21, 21),
(22, 22),
(23, 23),
(24, 24),
(25, 25),
(26, 26),
(27, 27),
(28, 28),
(29, 29),
(30, 30),
(31, 31),
(32, 32),
(33, 33),
(34, 34),
(35, 35),
(36, 36),
(37, 37),
(38, 38),
(39, 39),
(40, 40),
(41, 41),
(42, 42),
(43, 43),
(44, 44),
(45, 45),
(46, 46),
(47, 47),
(48, 48),
(49, 49),
(50, 50);


INSERT INTO Members (MemberID, Name, Email, Phone, MembershipDate, Role) VALUES
(1, 'Aarav Sharma', 'aarav.sharma@gmail.com', '9123456789', '2025-01-15', 'Student'),
(2, 'Vikram Singh', 'vikramsingh@gmail.com', '9234567890', '2025-02-20', 'Faculty'),
(3, 'Priya Patel', 'priya.patel1@gmail.com', '9345678901', '2025-03-10', 'Student'),
(4, 'Rohan Gupta', 'rohan.g@gmail.com', '9456789012', '2025-03-22', 'Faculty'),
(5, 'Ananya Reddy', 'ananya_reddy@gmail.com', '9567890123', '2025-04-01', 'Student'),
(6, 'Arjun Kumar', 'arjunkumar22@gmail.com', '9678901234', '2025-04-05', 'Student'),
(7, 'Neha Yadav', 'neha.yadav.7@gmail.com', '9789012345', '2025-04-10', 'Faculty'),
(8, 'Aditya Verma', 'adityaverma@gmail.com', '9890123456', '2025-04-15', 'Student'),
(9, 'Sanya Jain', 'sanya.j@gmail.com', '9901234567', '2025-04-20', 'Faculty'),
(10, 'Ishaan Malhotra', 'ishaan.malhotra10@gmail.com', '9012345678', '2025-04-25', 'Student'),
(11, 'Kavya Nair', 'kavyanair11@gmail.com', '9123456790', '2025-05-01', 'Student'),
(12, 'Rahul Mehra', 'rahul_mehra@gmail.com', '9234567901', '2025-05-05', 'Faculty'),
(13, 'Diya Chopra', 'diya.c13@gmail.com', '9345679012', '2025-05-10', 'Student'),
(14, 'Siddharth Rao', 'siddharthrao14@gmail.com', '9456789123', '2025-05-15', 'Faculty'),
(15, 'Tanya Desai', 'tanya.desai15@gmail.com', '9567891234', '2025-05-20', 'Student'),
(16, 'Krishna Iyer', 'krishnaiyer16@gmail.com', '9678902345', '2025-05-25', 'Student'),
(17, 'Shreya Thakur', 'shreya_t17@gmail.com', '9789013456', '2025-06-01', 'Faculty'),
(18, 'Vivaan Joshi', 'vivaanjoshi18@gmail.com', '9890124567', '2025-06-05', 'Student'),
(19, 'Pooja Bhatt', 'pooja.bhatt19@gmail.com', '9901235678', '2025-06-10', 'Faculty'),
(20, 'Ayaan Saxena', 'ayaans20@gmail.com', '9012346789', '2025-06-15', 'Student'),
(21, 'Meera Kapoor', 'meerakapoor21@gmail.com', '9123457901', '2025-06-20', 'Student'),
(22, 'Ravi Pillai', 'ravi.pillai22@gmail.com', '9234569012', '2025-06-25', 'Faculty'),
(23, 'Saanvi Menon', 'saanvi_m23@gmail.com', '9345678903', '2025-07-01', 'Student'),
(24, 'Nikhil Varghese', 'nikhilvarghese24@gmail.com', '9456781234', '2025-07-05', 'Faculty'),
(25, 'Anika Das', 'anika.das25@gmail.com', '9567892345', '2025-07-10', 'Student'),
(26, 'Aarav Sharma', 'aarav_s26@gmail.com', '9678903456', '2025-07-15', 'Student'),
(27, 'Vikram Singh', 'vikram.singh27@gmail.com', '9789014567', '2025-07-20', 'Faculty'),
(28, 'Priya Patel', 'priyapatel28@gmail.com', '9890125678', '2025-07-25', 'Student'),
(29, 'Rohan Gupta', 'rohan_gupta29@gmail.com', '9901236789', '2025-08-01', 'Faculty'),
(30, 'Ananya Reddy', 'ananyar30@gmail.com', '9012347890', '2025-08-05', 'Student'),
(31, 'Arjun Kumar', 'arjun.k31@gmail.com', '9123458901', '2025-08-10', 'Student'),
(32, 'Neha Yadav', 'nehayadav32@gmail.com', '9234569013', '2025-08-15', 'Faculty'),
(33, 'Aditya Verma', 'aditya_v33@gmail.com', '9345679124', '2025-08-20', 'Student'),
(34, 'Sanya Jain', 'sanyajain34@gmail.com', '9456781235', '2025-08-25', 'Faculty'),
(35, 'Ishaan Malhotra', 'ishaan_m35@gmail.com', '9567892346', '2025-09-01', 'Student'),
(36, 'Kavya Nair', 'kavya.n36@gmail.com', '9678903457', '2025-09-05', 'Student'),
(37, 'Rahul Mehra', 'rahulmehra37@gmail.com', '9789014568', '2025-09-10', 'Faculty'),
(38, 'Diya Chopra', 'diya_chopra38@gmail.com', '9890125679', '2025-09-15', 'Student'),
(39, 'Siddharth Rao', 'siddharth.r39@gmail.com', '9901236790', '2025-09-20', 'Faculty'),
(40, 'Tanya Desai', 'tanyadesai40@gmail.com', '9012348901', '2025-09-25', 'Student'),
(41, 'Krishna Iyer', 'krishna_i41@gmail.com', '9123459012', '2025-10-01', 'Student'),
(42, 'Shreya Thakur', 'shreyathakur42@gmail.com', '9234569123', '2025-10-05', 'Faculty'),
(43, 'Vivaan Joshi', 'vivaan.j43@gmail.com', '9345671234', '2025-10-10', 'Student'),
(44, 'Pooja Bhatt', 'poojabhatt44@gmail.com', '9456782345', '2025-10-15', 'Faculty'),
(45, 'Ayaan Saxena', 'ayaan_s45@gmail.com', '9567893456', '2025-10-20', 'Student'),
(46, 'Meera Kapoor', 'meera.k46@gmail.com', '9678904567', '2025-10-25', 'Student'),
(47, 'Ravi Pillai', 'ravipillai47@gmail.com', '9789015678', '2025-11-01', 'Faculty'),
(48, 'Saanvi Menon', 'saanvi_menon48@gmail.com', '9890126789', '2025-11-05', 'Student'),
(49, 'Nikhil Varghese', 'nikhil.v49@gmail.com', '9901237890', '2025-11-10', 'Faculty'),
(50, 'Anika Das', 'anikadas50@gmail.com', '9012349012', '2025-11-15', 'Student');

 INSERT INTO Librarians (LibrarianID, Name, Email, Shift) VALUES
(1, 'Amit Sharma', 'amit.sharma@library.com', 'Morning'),
(2, 'Sneha Patel', 'sneha.patel@library.com', 'Afternoon'),
(3, 'Ravi Kumar', 'ravi.kumar@library.com', 'Evening'),
(4, 'Priya Nair', 'priya.nair@library.com', 'Morning'),
(5, 'Vikram Singh', 'vikram.singh@library.com', 'Afternoon');

INSERT INTO Issued_Books (IssueID, BookID, MemberID, IssueDate, DueDate, ReturnDate) VALUES
(1, 1, 1, '2025-04-01', '2025-04-15', NULL),
(2, 2, 2, '2025-04-03', '2025-04-17', '2025-04-10'),
(3, 3, 3, '2025-04-05', '2025-04-19', NULL),
(4, 4, 4, '2025-04-07', '2025-04-21', '2025-04-20'),
(5, 5, 5, '2025-04-09', '2025-04-23', NULL),
(6, 6, 6, '2025-04-11', '2025-04-25', '2025-04-22'),
(7, 7, 7, '2025-04-13', '2025-04-27', NULL),
(8, 8, 8, '2025-04-15', '2025-04-29', '2025-04-25'),
(9, 9, 9, '2025-04-17', '2025-05-01', NULL),
(10, 10, 10, '2025-04-19', '2025-05-03', '2025-04-30'),
(11, 11, 11, '2025-04-21', '2025-05-05', NULL),
(12, 12, 12, '2025-04-23', '2025-05-07', '2025-05-01'),
(13, 13, 13, '2025-04-25', '2025-05-09', NULL),
(14, 14, 14, '2025-04-27', '2025-05-11', '2025-05-05'),
(15, 15, 15, '2025-04-29', '2025-05-13', NULL),
(16, 16, 16, '2025-05-01', '2025-05-15', '2025-05-10'),
(17, 17, 17, '2025-05-03', '2025-05-17', NULL),
(18, 18, 18, '2025-05-05', '2025-05-19', '2025-05-15'),
(19, 19, 19, '2025-05-07', '2025-05-21', NULL),
(20, 20, 20, '2025-05-09', '2025-05-23', '2025-05-20'),
(21, 21, 21, '2025-05-11', '2025-05-25', NULL),
(22, 22, 22, '2025-05-13', '2025-05-27', '2025-05-22'),
(23, 23, 23, '2025-05-15', '2025-05-29', NULL),
(24, 24, 24, '2025-05-17', '2025-05-31', '2025-05-25'),
(25, 25, 25, '2025-05-19', '2025-06-02', NULL),
(26, 26, 26, '2025-05-21', '2025-06-04', '2025-05-30'),
(27, 27, 27, '2025-05-23', '2025-06-06', NULL),
(28, 28, 28, '2025-05-25', '2025-06-08', '2025-06-01'),
(29, 29, 29, '2025-05-27', '2025-06-10', NULL),
(30, 30, 30, '2025-05-29', '2025-06-12', '2025-06-05'),
(31, 31, 31, '2025-05-31', '2025-06-14', NULL),
(32, 32, 32, '2025-06-02', '2025-06-16', '2025-06-10'),
(33, 33, 33, '2025-06-04', '2025-06-18', NULL),
(34, 34, 34, '2025-06-06', '2025-06-20', '2025-06-15'),
(35, 35, 35, '2025-06-08', '2025-06-22', NULL),
(36, 36, 36, '2025-06-10', '2025-06-24', '2025-06-20'),
(37, 37, 37, '2025-06-12', '2025-06-26', NULL),
(38, 38, 38, '2025-06-14', '2025-06-28', '2025-06-22'),
(39, 39, 39, '2025-06-16', '2025-06-30', NULL),
(40, 40, 40, '2025-06-18', '2025-07-02', '2025-06-25'),
(41, 41, 41, '2025-06-20', '2025-07-04', NULL),
(42, 42, 42, '2025-06-22', '2025-07-06', '2025-06-30'),
(43, 43, 43, '2025-06-24', '2025-07-08', NULL),
(44, 44, 44, '2025-06-26', '2025-07-10', '2025-07-05'),
(45, 45, 45, '2025-06-28', '2025-07-12', NULL),
(46, 46, 46, '2025-06-30', '2025-07-14', '2025-07-10'),
(47, 47, 47, '2025-07-02', '2025-07-16', NULL),
(48, 48, 48, '2025-07-04', '2025-07-18', '2025-07-12'),
(49, 49, 49, '2025-07-06', '2025-07-20', NULL),
(50, 50, 50, '2025-07-08', '2025-07-22', '2025-07-15');

INSERT INTO Fines (FineID, IssueID, Amount, Status) VALUES
(1, 2, 10.00, 'Paid'),
(2, 4, 5.00, 'Paid'),
(3, 1, 7.50, 'Unpaid'),
(4, 6, 8.00, 'Paid'),
(5, 3, 6.50, 'Unpaid'),
(6, 8, 12.00, 'Paid'),
(7, 5, 9.00, 'Unpaid'),
(8, 10, 7.00, 'Paid'),
(9, 7, 10.50, 'Unpaid'),
(10, 12, 6.00, 'Paid'),
(11, 9, 8.50, 'Unpaid'),
(12, 14, 11.00, 'Paid'),
(13, 11, 7.50, 'Unpaid'),
(14, 16, 9.50, 'Paid'),
(15, 13, 8.00, 'Unpaid'),
(16, 18, 10.00, 'Paid'),
(17, 15, 6.50, 'Unpaid'),
(18, 20, 12.50, 'Paid'),
(19, 17, 9.50, 'Unpaid'),
(20, 22, 7.00, 'Paid'),
(21, 19, 8.50, 'Unpaid'),
(22, 24, 11.50, 'Paid'),
(23, 21, 7.50, 'Unpaid'),
(24, 26, 10.50, 'Paid'),
(25, 23, 8.00, 'Unpaid'),
(26, 28, 9.00, 'Paid'),
(27, 25, 6.50, 'Unpaid'),
(28, 30, 12.00, 'Paid'),
(29, 27, 10.00, 'Unpaid'),
(30, 32, 7.50, 'Paid'),
(31, 29, 8.50, 'Unpaid'),
(32, 34, 11.00, 'Paid'),
(33, 31, 7.00, 'Unpaid'),
(34, 36, 9.50, 'Paid'),
(35, 33, 8.00, 'Unpaid'),
(36, 38, 10.50, 'Paid'),
(37, 35, 6.50, 'Unpaid'),
(38, 40, 12.50, 'Paid'),
(39, 37, 9.50, 'Unpaid'),
(40, 42, 7.00, 'Paid'),
(41, 39, 8.50, 'Unpaid'),
(42, 44, 11.50, 'Paid'),
(43, 41, 7.50, 'Unpaid'),
(44, 46, 10.50, 'Paid'),
(45, 43, 8.00, 'Unpaid'),
(46, 48, 9.00, 'Paid'),
(47, 45, 6.50, 'Unpaid'),
(48, 50, 12.00, 'Paid'),
(49, 47, 10.00, 'Unpaid'),
(50, 49, 7.50, 'Unpaid');

INSERT INTO Reservations (ReservationID, BookID, MemberID, ReservationDate, Status) VALUES
(1, 1, 3, '2025-04-10', 'Pending'),
(2, 3, 2, '2025-04-11', 'Completed'),
(3, 2, 5, '2025-04-12', 'Cancelled'),
(4, 4, 1, '2025-04-13', 'Pending'),
(5, 5, 4, '2025-04-14', 'Pending'),
(6, 6, 6, '2025-04-15', 'Completed'),
(7, 7, 7, '2025-04-16', 'Cancelled'),
(8, 8, 8, '2025-04-17', 'Pending'),
(9, 9, 9, '2025-04-18', 'Pending'),
(10, 10, 10, '2025-04-19', 'Completed'),
(11, 11, 11, '2025-04-20', 'Cancelled'),
(12, 12, 12, '2025-04-21', 'Pending'),
(13, 13, 13, '2025-04-22', 'Pending'),
(14, 14, 14, '2025-04-23', 'Completed'),
(15, 15, 15, '2025-04-24', 'Cancelled'),
(16, 16, 16, '2025-04-25', 'Pending'),
(17, 17, 17, '2025-04-26', 'Pending'),
(18, 18, 18, '2025-04-27', 'Completed'),
(19, 19, 19, '2025-04-28', 'Cancelled'),
(20, 20, 20, '2025-04-29', 'Pending'),
(21, 21, 21, '2025-04-30', 'Pending'),
(22, 22, 22, '2025-05-01', 'Completed'),
(23, 23, 23, '2025-05-02', 'Cancelled'),
(24, 24, 24, '2025-05-03', 'Pending'),
(25, 25, 25, '2025-05-04', 'Pending'),
(26, 26, 26, '2025-05-05', 'Completed'),
(27, 27, 27, '2025-05-06', 'Cancelled'),
(28, 28, 28, '2025-05-07', 'Pending'),
(29, 29, 29, '2025-05-08', 'Pending'),
(30, 30, 30, '2025-05-09', 'Completed'),
(31, 31, 31, '2025-05-10', 'Cancelled'),
(32, 32, 32, '2025-05-11', 'Pending'),
(33, 33, 33, '2025-05-12', 'Pending'),
(34, 34, 34, '2025-05-13', 'Completed'),
(35, 35, 35, '2025-05-14', 'Cancelled'),
(36, 36, 36, '2025-05-15', 'Pending'),
(37, 37, 37, '2025-05-16', 'Pending'),
(38, 38, 38, '2025-05-17', 'Completed'),
(39, 39, 39, '2025-05-18', 'Cancelled'),
(40, 40, 40, '2025-05-19', 'Pending'),
(41, 41, 41, '2025-05-20', 'Pending'),
(42, 42, 42, '2025-05-21', 'Completed'),
(43, 43, 43, '2025-05-22', 'Cancelled'),
(44, 44, 44, '2025-05-23', 'Pending'),
(45, 45, 45, '2025-05-24', 'Pending'),
(46, 46, 46, '2025-05-25', 'Completed'),
(47, 47, 47, '2025-05-26', 'Cancelled'),
(48, 48, 48, '2025-05-27', 'Pending'),
(49, 49, 49, '2025-05-28', 'Pending'),
(50, 50, 50, '2025-05-29', 'Completed');

INSERT INTO Reviews (ReviewID, BookID, MemberID, Rating, Comment, Date) VALUES
(1, 1, 1, 5, 'Very comprehensive and well-structured.', '2025-04-16'),
(2, 2, 2, 4, 'Good coverage of database systems.', '2025-04-17'),
(3, 3, 3, 5, 'Highly recommended for software best practices.', '2025-04-18'),
(4, 4, 4, 4, 'Practical insights and useful tips.', '2025-04-19'),
(5, 5, 5, 3, 'A bit outdated but still useful.', '2025-04-20'),
(6, 6, 6, 5, 'Excellent intro to machine learning.', '2025-04-21'),
(7, 7, 7, 4, 'Informative guide on cloud computing.', '2025-04-22'),
(8, 8, 8, 5, 'Great resource for cybersecurity basics.', '2025-04-23'),
(9, 9, 9, 3, 'Good but needs more depth in AI.', '2025-04-24'),
(10, 10, 10, 4, 'Very practical for web development.', '2025-04-25'),
(11, 11, 11, 5, 'Clear explanations of data structures.', '2025-04-26'),
(12, 12, 12, 4, 'Useful for software testing techniques.', '2025-04-27'),
(13, 13, 13, 5, 'Excellent for big data analytics.', '2025-04-28'),
(14, 14, 14, 3, 'IoT concepts explained well.', '2025-04-29'),
(15, 15, 15, 4, 'Great Python programming guide.', '2025-04-30'),
(16, 16, 16, 5, 'Fantastic intro to blockchain.', '2025-05-01'),
(17, 17, 17, 4, 'Deep learning concepts made simple.', '2025-05-02'),
(18, 18, 18, 5, 'Perfect for mobile app development.', '2025-05-03'),
(19, 19, 19, 3, 'Good overview of network security.', '2025-05-04'),
(20, 20, 20, 4, 'Useful for embedded systems.', '2025-05-05'),
(21, 21, 21, 5, 'Great intro to quantum computing.', '2025-05-06'),
(22, 22, 22, 4, 'Excellent DevOps practices guide.', '2025-05-07'),
(23, 23, 23, 5, 'Perfect for game development.', '2025-05-08'),
(24, 24, 24, 3, 'Good start for augmented reality.', '2025-05-09'),
(25, 25, 25, 4, 'Very informative on ethical hacking.', '2025-05-10'),
(26, 26, 26, 5, 'Well-structured algorithms book.', '2025-05-11'),
(27, 27, 27, 4, 'Solid database fundamentals.', '2025-05-12'),
(28, 28, 28, 5, 'Must-read for clean coding.', '2025-05-13'),
(29, 29, 29, 4, 'Practical programming tips.', '2025-05-14'),
(30, 30, 30, 3, 'Useful design patterns resource.', '2025-05-15'),
(31, 31, 31, 5, 'Great machine learning intro.', '2025-05-16'),
(32, 32, 32, 4, 'Informative cloud computing guide.', '2025-05-17'),
(33, 33, 33, 5, 'Excellent cybersecurity resource.', '2025-05-18'),
(34, 34, 34, 3, 'Good AI beginner’s guide.', '2025-05-19'),
(35, 35, 35, 4, 'Practical web development book.', '2025-05-20'),
(36, 36, 36, 5, 'Clear data structures guide.', '2025-05-21'),
(37, 37, 37, 4, 'Useful software testing book.', '2025-05-22'),
(38, 38, 38, 5, 'Great big data analytics resource.', '2025-05-23'),
(39, 39, 39, 3, 'Solid IoT fundamentals.', '2025-05-24'),
(40, 40, 40, 4, 'Excellent Python guide.', '2025-05-25'),
(41, 41, 41, 5, 'Fantastic blockchain resource.', '2025-05-26'),
(42, 42, 42, 4, 'Clear deep learning book.', '2025-05-27'),
(43, 43, 43, 5, 'Perfect for app development.', '2025-05-28'),
(44, 44, 44, 3, 'Good network security guide.', '2025-05-29'),
(45, 45, 45, 4, 'Useful embedded systems book.', '2025-05-30'),
(46, 46, 46, 5, 'Great quantum computing intro.', '2025-05-31'),
(47, 47, 47, 4, 'Solid DevOps guide.', '2025-06-01'),
(48, 48, 48, 5, 'Excellent game development book.', '2025-06-02'),
(49, 49, 49, 3, 'Good augmented reality intro.', '2025-06-03'),
(50, 50, 50, 4, 'Informative ethical hacking guide.', '2025-06-04');

INSERT INTO Notifications (NotificationID, MemberID, Type, Message, Date) VALUES
(1, 1, 'Return Reminder', 'Please return your borrowed book by the due date.', '2025-04-14'),
(2, 2, 'Reservation Update', 'Your reservation for Book 3 is completed.', '2025-04-15'),
(3, 3, 'Issue Confirmation', 'Book 1 has been issued to you.', '2025-04-16'),
(4, 4, 'Fine Notice', 'You have an unpaid fine. Please settle it soon.', '2025-04-17'),
(5, 5, 'Return Reminder', 'Reminder: Return Book 5 by the due date.', '2025-04-18'),
(6, 6, 'Reservation Update', 'Your reservation for Book 6 is completed.', '2025-04-19'),
(7, 7, 'Issue Confirmation', 'Book 7 has been issued to you.', '2025-04-20'),
(8, 8, 'Fine Notice', 'You have an unpaid fine. Please settle it soon.', '2025-04-21'),
(9, 9, 'Return Reminder', 'Reminder: Return Book 9 by the due date.', '2025-04-22'),
(10, 10, 'Reservation Update', 'Your reservation for Book 10 is completed.', '2025-04-23'),
(11, 11, 'Issue Confirmation', 'Book 11 has been issued to you.', '2025-04-24'),
(12, 12, 'Fine Notice', 'You have an unpaid fine. Please settle it soon.', '2025-04-25'),
(13, 13, 'Return Reminder', 'Reminder: Return Book 13 by the due date.', '2025-04-26'),
(14, 14, 'Reservation Update', 'Your reservation for Book 14 is completed.', '2025-04-27'),
(15, 15, 'Issue Confirmation', 'Book 15 has been issued to you.', '2025-04-28'),
(16, 16, 'Fine Notice', 'You have an unpaid fine. Please settle it soon.', '2025-04-29'),
(17, 17, 'Return Reminder', 'Reminder: Return Book 17 by the due date.', '2025-04-30'),
(18, 18, 'Reservation Update', 'Your reservation for Book 18 is completed.', '2025-05-01'),
(19, 19, 'Issue Confirmation', 'Book 19 has been issued to you.', '2025-05-02'),
(20, 20, 'Fine Notice', 'You have an unpaid fine. Please settle it soon.', '2025-05-03'),
(21, 21, 'Return Reminder', 'Reminder: Return Book 21 by the due date.', '2025-05-04'),
(22, 22, 'Reservation Update', 'Your reservation for Book 22 is completed.', '2025-05-05'),
(23, 23, 'Issue Confirmation', 'Book 23 has been issued to you.', '2025-05-06'),
(24, 24, 'Fine Notice', 'You have an unpaid fine. Please settle it soon.', '2025-05-07'),
(25, 25, 'Return Reminder', 'Reminder: Return Book 25 by the due date.', '2025-05-08'),
(26, 26, 'Reservation Update', 'Your reservation for Book 26 is completed.', '2025-05-09'),
(27, 27, 'Issue Confirmation', 'Book 27 has been issued to you.', '2025-05-10'),
(28, 28, 'Fine Notice', 'You have an unpaid fine. Please settle it soon.', '2025-05-11'),
(29, 29, 'Return Reminder', 'Reminder: Return Book 29 by the due date.', '2025-05-12'),
(30, 30, 'Reservation Update', 'Your reservation for Book 30 is completed.', '2025-05-13'),
(31, 31, 'Issue Confirmation', 'Book 31 has been issued to you.', '2025-05-14'),
(32, 32, 'Fine Notice', 'You have an unpaid fine. Please settle it soon.', '2025-05-15'),
(33, 33, 'Return Reminder', 'Reminder: Return Book 33 by the due date.', '2025-05-16'),
(34, 34, 'Reservation Update', 'Your reservation for Book 34 is completed.', '2025-05-17'),
(35, 35, 'Issue Confirmation', 'Book 35 has been issued to you.', '2025-05-18'),
(36, 36, 'Fine Notice', 'You have an unpaid fine. Please settle it soon.', '2025-05-19'),
(37, 37, 'Return Reminder', 'Reminder: Return Book 37 by the due date.', '2025-05-20'),
(38, 38, 'Reservation Update', 'Your reservation for Book 38 is completed.', '2025-05-21'),
(39, 39, 'Issue Confirmation', 'Book 39 has been issued to you.', '2025-05-22'),
(40, 40, 'Fine Notice', 'You have an unpaid fine. Please settle it soon.', '2025-05-23'),
(41, 41, 'Return Reminder', 'Reminder: Return Book 41 by the due date.', '2025-05-24'),
(42, 42, 'Reservation Update', 'Your reservation for Book 42 is completed.', '2025-05-25'),
(43, 43, 'Issue Confirmation', 'Book 43 has been issued to you.', '2025-05-26'),
(44, 44, 'Fine Notice', 'You have an unpaid fine. Please settle it soon.', '2025-05-27'),
(45, 45, 'Return Reminder', 'Reminder: Return Book 45 by the due date.', '2025-05-28'),
(46, 46, 'Reservation Update', 'Your reservation for Book 46 is completed.', '2025-05-29'),
(47, 47, 'Issue Confirmation', 'Book 47 has been issued to you.', '2025-05-30'),
(48, 48, 'Fine Notice', 'You have an unpaid fine. Please settle it soon.', '2025-05-31'),
(49, 49, 'Return Reminder', 'Reminder: Return Book 49 by the due date.', '2025-06-01'),
(50, 50, 'Reservation Update', 'Your reservation for Book 50 is completed.', '2025-06-02');

-- Basic SELECT Queries
SELECT * FROM Books;
SELECT * FROM Members WHERE MembershipDate > '2025-03-01';
SELECT Title, Year FROM Books WHERE Year < 2000;

-- JOIN Queries
SELECT B.Title, A.Name AS Author FROM Books B JOIN Book_Authors BA ON B.BookID = BA.BookID JOIN Authors A ON BA.AuthorID = A.AuthorID;
SELECT M.Name AS Member, B.Title AS Book, I.IssueDate FROM Issued_Books I JOIN Members M ON I.MemberID = M.MemberID JOIN Books B ON I.BookID = B.BookID
WHERE I.ReturnDate IS NULL;

-- Subqueries
SELECT Name FROM Members WHERE MemberID NOT IN (SELECT MemberID FROM Issued_Books GROUP BY MemberID HAVING COUNT(*) > 1 );
SELECT Title FROM Books WHERE BookID  IN (SELECT BookID FROM Reservations);

-- Aggregate Functions
SELECT M.Name, COUNT(R.ReviewID) AS ReviewCount FROM Members M LEFT JOIN Reviews R ON M.MemberID = R.MemberID GROUP BY M.Name;
SELECT AVG(Amount) AS AverageFine FROM Fines;

-- UPDATE and DELETE
UPDATE Members SET Phone = '9998887777' WHERE MemberID = 1;
DELETE FROM Reservations WHERE ReservationID = 3;

-- INSERT with Constraints
INSERT INTO Members (MemberID, Name, Email, Phone, MembershipDate, Role) VALUES (51, 'Deshpandey Sharma', 'deshpandey90@gmail.com', '9473406471', '2025-04-22', 'Student');

-- 7. GROUP BY, ORDER BY, HAVING
SELECT M.Name, COUNT(I.IssueID) AS TotalIssued FROM Members M JOIN Issued_Books I ON M.MemberID = I.MemberID GROUP BY M.Name HAVING COUNT(I.IssueID) > 1;
SELECT Title, Year FROM Books ORDER BY Year DESC;
